id_venda,data_venda,cliente,produto,categoria,regiao,quantidade,preco_unitario
1,2025-05-21,cliente#016,Mouse,Perifericos,Sudeste,2.0,102.9
2,2025-09-16,Cliente_039,Notebook,Computadores,Norte,,3204.57
3,2025-03-23,Cliente_045,Tablet,Celulares,Centro-Oeste,1.0,1939.76
4,2025-11-06,Cliente_017,Notebook,Computadores,Norte,6.0,3864.87
5,2025-07-05,Cliente_037,Tablet,Celulares,Sul,10.0,2008.14
6,2025-08-21,Cliente_041,Headset,Perifericos,Sudeste,2.0,337.41
7,2025-05-06,Cliente_011,Teclado,Perifericos,Nordeste,3.0,252.56
8,2025-01-17,Cliente_021,Headset,Perifericos,Sul,1.0,321.55
9,2025-11-26,Cliente_030,Mouse,Perifericos,Centro-Oeste,8.0,116.24
10,2025-03-12,Cliente_033,Teclado,Perifericos,Centro-Oeste,7.0,239.65
11,DATA INVALIDA,Cliente_030,Teclado,Perifericos,Norte,2.0,241.36
12,2025-06-24,Cliente_008,  Headset ,Perifericos,Norte,5.0,378.2
13,2025-02-24,Cliente_041,Headset,Perifericos,Norte,3.0,350.81
14,2025-11-03,Cliente_021,Headset,Perifericos,Sul,9.0,393.94
15,2025-02-10,Cliente_006,Notebook,Computadores,Centro-Oeste,4.0,3896.91
16,2025-11-07,Cliente_028,Teclado,Perifericos,Centro-Oeste,3.0,232.38
17,2025-09-22,Cliente_029,Mouse,Perifericos,Sul,6.0,117.77
18,2025-01-31,Cliente_015,Notebook,Computadores,Centro-Oeste,2.0,
19,2025-10-20,cliente#037,Smartphone,Celulares,Nordeste,9.0,1957.33
20,2025-01-28,Cliente_044,Monitor,Computadores,Sudeste,7.0,1188.13
21,2025-08-18,Cliente_009,Smartphone,Celulares,Norte,4.0,1995.54
22,2025-10-04,Cliente_001,Notebook,Computadores,Sul,1.0,3659.75
23,2025-03-26,Cliente_025,Headset,Perifericos,Norte,,392.26
24,2025-06-01,cliente#014,Mouse,Perifericos,Norte,8.0,107.57
25,2025-09-18,Cliente_006,Headset,Perifericos,Norte,9.0,314.03
26,2025-11-14,Cliente_006,Smartphone,Celulares,Nordeste,10.0,2262.38
27,2025-12-10,Cliente_042,Smartphone,Celulares,Norte,5.0,2131.22
28,2025-09-17,Cliente_017,Notebook,Computadores,Centro-Oeste,2.0,3539.52
29,2025-11-10,Cliente_042,Headset,Perifericos,Sul,9.0,371.37
30,2025-10-11,Cliente_010,Tablet,Celulares,Nordeste,2.0,2010.44
31,2025-01-27,Cliente_006,  Teclado ,Perifericos,Nordeste,8.0,231.33
32,2025-08-07,Cliente_036,Smartphone,Celulares,Nordeste,,2234.11
33,2025-03-07,Cliente_003,Teclado,Perifericos,Sul,9.0,223.61
34,2025-07-01,Cliente_050,Mouse,Perifericos,Sul,4.0,126.01
35,2025-04-01,Cliente_027,Headset,Perifericos,Sul,,400.0
36,2025-02-25,Cliente_025,Tablet,Celulares,Nordeste,3.0,1955.18
37,2025-12-04,Cliente_013,Headset,Perifericos,Norte,4.0,320.91
38,2025-01-15,cliente#008,Monitor,Computadores,Nordeste,9.0,1139.21
39,2025-09-19,Cliente_008!!,Mouse,Perifericos,Nordeste,6.0,117.71
40,2025-06-19,Cliente_040,Monitor,Computadores,Centro-Oeste,2.0,1361.59
41,2025-10-11,Cliente_009,Tablet,Celulares,Norte,7.0,1906.49
42,2025-01-01,Cliente_020,Tablet,Celulares,Centro-Oeste,7.0,1825.89
43,2025-03-28,Cliente_043,Mouse,Perifericos,Sul,4.0,120.4
44,2025-04-12,cliente#010,Mouse,Perifericos,Norte,,110.09
45,2025-05-05,Cliente_010,Smartphone,Celulares,Centro-Oeste,7.0,
46,2025-12-23,Cliente_034,Smartphone,Celulares,Centro-Oeste,3.0,2400.71
47,2025-11-01,Cliente_021,Mouse,Perifericos,Norte,9.0,137.56
48,2025-09-01,Cliente_029,Monitor,Computadores,Sul,3.0,1287.72
49,2025-05-27,Cliente_016,Tablet,Celulares,Sul,8.0,1571.84
50,2025-07-28,Cliente_022,Mouse,Perifericos,Norte,4.0,104.31
51,2025-10-22,Cliente_025,Mouse,Perifericos,Centro-Oeste,1.0,132.84
52,2025-04-23,Cliente_032,  Teclado ,Perifericos,Centro-Oeste,9.0,272.49
53,2025-03-07,cliente#040,Mouse,Perifericos,Sul,3.0,132.26
54,2025-05-14,Cliente_025,Headset,Perifericos,Centro-Oeste,8.0,316.58
55,2025-10-04,Cliente_004,Tablet,Celulares,Sudeste,2.0,1783.97
56,2025-11-15,Cliente_010,Smartphone,Celulares,Nordeste,4.0,2423.89
57,2025-11-07,Cliente_048,Headset,Perifericos,Nordeste,6.0,315.12
58,2025-04-12,Cliente_005,Teclado,Perifericos,Norte,7.0,242.25
59,2025-10-17,Cliente_003,Headset,Perifericos,Centro-Oeste,2.0,381.1
60,2025-07-05,Cliente_041,Headset,Perifericos,Nordeste,8.0,308.58
61,2025-08-27,Cliente_028,Teclado,Perifericos,Nordeste,9.0,270.6
62,2025-10-19,Cliente_040,Monitor,Computadores,Nordeste,4.0,1290.17
63,2025-11-02,Cliente_045,Headset,Perifericos,Centro-Oeste,5.0,333.24
64,2025-12-20,Cliente_031,Monitor,Computadores,Sul,9.0,1292.94
65,2025-10-11,Cliente_034,Tablet,Celulares,Nordeste,10.0,1729.27
66,2025-04-09,Cliente_021,Tablet,Celulares,Centro-Oeste,4.0,1595.15
67,2025-09-26,Cliente_039,Tablet,Celulares,Sudeste,10.0,2057.37
68,2025-01-24,Cliente_004,Mouse,Perifericos,Sudeste,9.0,106.56
69,2025-08-14,Cliente_022,Teclado,Perifericos,Centro-Oeste,5.0,247.7
70,2025-12-18,Cliente_004,Monitor,Computadores,Norte,2.0,1227.73
71,2025-11-13,Cliente_015,Headset,Perifericos,Centro-Oeste,7.0,361.16
72,2025-11-09,Cliente_048!!,Tablet,Celulares,Sul,10.0,1865.35
73,2025-07-29,Cliente_029,  Teclado ,Perifericos,Centro-Oeste,2.0,224.24
74,2025-11-17,Cliente_038,Notebook,Computadores,Nordeste,4.0,3945.11
75,2025-03-26,Cliente_020,Headset,Perifericos,Nordeste,3.0,305.0
76,2025-09-14,Cliente_035,  Mouse ,Perifericos,Nordeste,7.0,135.94
77,2025-12-12,Cliente_037,Notebook,Computadores,Sul,2.0,
78,2025-05-23,Cliente_012,Monitor,Computadores,Centro-Oeste,9.0,1254.54
79,2025-03-24,Cliente_022,Tablet,Celulares,Sudeste,6.0,1891.87
80,2025-06-15,Cliente_008,Monitor,Computadores,Norte,2.0,1133.23
81,2025-09-23,Cliente_024,Monitor,Computadores,Sul,7.0,1039.51
82,2025-09-06,Cliente_008,Tablet,Celulares,Sudeste,,2005.66
83,2025-02-28,Cliente_030,Teclado,Perifericos,Nordeste,7.0,219.49
84,2025-05-05,Cliente_030,Monitor,Computadores,Sudeste,8.0,1372.89
85,2025-09-17,Cliente_018,Tablet,Celulares,Centro-Oeste,7.0,1713.53
86,2025-09-05,Cliente_023,Headset,Perifericos,Sul,3.0,344.39
87,2025-07-30,Cliente_003,Teclado,Perifericos,Sul,7.0,230.02
88,2025-10-30,Cliente_022,Monitor,Computadores,Sul,1.0,1065.45
89,2025-05-16,Cliente_022,Monitor,Computadores,Norte,3.0,1046.94
90,2025-09-07,Cliente_035,Monitor,Computadores,Sudeste,,1245.65
91,2025-12-27,Cliente_007,Monitor,Computadores,Nordeste,2.0,1293.73
92,2025-05-06,Cliente_034,Tablet,Celulares,Centro-Oeste,6.0,1762.57
93,2025-10-26,Cliente_010,Teclado,Perifericos,Centro-Oeste,4.0,249.83
94,2025-08-15,Cliente_023,Tablet,Celulares,Nordeste,9.0,1615.31
95,2025-02-24,cliente#016,Smartphone,Celulares,Nordeste,7.0,2433.2
96,2025-01-26,Cliente_039,Notebook,Computadores,Nordeste,10.0,3883.32
97,2025-12-14,Cliente_049,Smartphone,Celulares,Sudeste,4.0,2279.79
98,2025-07-06,Cliente_047,Tablet,Celulares,Norte,8.0,1548.02
99,2025-05-20,Cliente_011,Tablet,Celulares,Nordeste,9.0,1800.97
100,2025-02-08,Cliente_010,Headset,Perifericos,Norte,2.0,346.67
101,2025-01-08,Cliente_017,Tablet,Celulares,Nordeste,2.0,1956.97
102,2025-11-14,Cliente_036,Notebook,Computadores,Nordeste,4.0,3470.05
103,2025-01-24,Cliente_003,Mouse,Perifericos,Centro-Oeste,7.0,106.2
104,2025-03-21,Cliente_027,Tablet,Celulares,Nordeste,9.0,1756.33
105,2025-05-01,Cliente_024,Smartphone,Celulares,Centro-Oeste,8.0,2163.5
106,DATA INVALIDA,Cliente_006,Tablet,Celulares,Sul,4.0,2052.83
107,2025-10-11,Cliente_014,Smartphone,Celulares,Norte,10.0,2005.44
108,2025-03-16,Cliente_009,Notebook,Computadores,Nordeste,5.0,3876.33
109,2025-01-09,cliente#012,Headset,Perifericos,Nordeste,4.0,359.33
110,2025-09-15,Cliente_015,Teclado,Perifericos,Centro-Oeste,10.0,220.68
111,2025-09-03,Cliente_026,Mouse,Perifericos,Nordeste,1.0,104.19
112,2025-05-21,Cliente_040,Teclado,Perifericos,Centro-Oeste,3.0,217.43
113,2025-12-26,Cliente_008,Teclado,Perifericos,Centro-Oeste,10.0,244.76
114,2025-08-21,Cliente_026,Smartphone,Celulares,Sul,7.0,2093.69
115,2025-02-13,  Cliente_006,Mouse,Perifericos,Sudeste,8.0,104.42
116,2025-08-05,Cliente_047,Monitor,Computadores,Sul,6.0,1334.5
117,2025-02-25,Cliente_023,Mouse,Perifericos,Norte,8.0,110.07
118,2025-11-26,Cliente_036,Headset,Perifericos,Nordeste,,361.93
119,2025-03-15,Cliente_037!!,Tablet,Celulares,Centro-Oeste,6.0,1533.3
120,2025-07-09,Cliente_020!!,Monitor,Computadores,Norte,8.0,1142.72
121,2025-12-05,Cliente_028,Notebook,Computadores,Centro-Oeste,2.0,3260.71
122,2025-10-31,Cliente_032!!,Notebook,Computadores,Nordeste,5.0,3687.13
123,2025-05-29,Cliente_021,Smartphone,Celulares,Sul,3.0,2374.35
124,2025-07-01,  Cliente_005,Teclado,Perifericos,Norte,9.0,275.0
125,2025-11-24,Cliente_027,Monitor,Computadores,Centro-Oeste,10.0,1165.59
126,2025-02-24,Cliente_016,Headset,Perifericos,Sul,6.0,306.75
127,2025-11-21,Cliente_008,Tablet,Celulares,Sul,3.0,1571.24
128,2025-04-12,Cliente_012,Smartphone,Celulares,Centro-Oeste,2.0,1966.65
129,2025-08-18,Cliente_044,Monitor,Computadores,Nordeste,10.0,1293.56
130,2025-08-15,Cliente_041,  Smartphone ,Celulares,Centro-Oeste,8.0,1915.07
131,2025-05-27,Cliente_005,Notebook,Computadores,Norte,1.0,3362.17
132,2025-10-20,Cliente_042,Teclado,Perifericos,Nordeste,1.0,246.23
133,2025-03-30,Cliente_003,Mouse,Perifericos,Nordeste,2.0,120.16
134,2025-06-23,cliente#044,Tablet,Celulares,Nordeste,7.0,1750.74
135,2025-06-20,Cliente_006,Tablet,Celulares,Centro-Oeste,10.0,2001.57
136,2025-02-13,Cliente_020,Smartphone,Celulares,Norte,10.0,2337.83
137,2025-01-10,Cliente_024,Notebook,Computadores,Sul,7.0,3508.91
138,2025-02-21,Cliente_033,Smartphone,Celulares,Norte,2.0,2065.22
139,2025-03-25,Cliente_012,Smartphone,Celulares,Centro-Oeste,10.0,2118.64
140,2025-11-09,Cliente_019,Tablet,Celulares,Centro-Oeste,4.0,2053.58
141,2025-10-20,Cliente_029,Headset,Perifericos,Sul,4.0,336.12
142,2025-05-09,Cliente_004,Headset,Perifericos,Sudeste,10.0,312.03
143,2025-05-20,Cliente_029,Tablet,Celulares,Centro-Oeste,2.0,1942.08
144,2025-07-22,Cliente_033,Tablet,Celulares,Sudeste,1.0,1754.04
145,2025-03-12,Cliente_003,Headset,Perifericos,Centro-Oeste,6.0,380.59
146,2025-01-10,Cliente_017,Teclado,Perifericos,Nordeste,1.0,280.44
147,2025-05-03,Cliente_027,Smartphone,Celulares,Norte,5.0,1950.42
148,2025-03-15,Cliente_019,Notebook,Computadores,Sudeste,9.0,3578.8
149,2025-09-27,Cliente_035,Teclado,Perifericos,Centro-Oeste,6.0,217.58
150,2025-07-02,Cliente_005,Tablet,Celulares,Nordeste,5.0,1933.55
151,2025-06-23,Cliente_042,Smartphone,Celulares,Sul,1.0,2102.52
152,2025-04-14,Cliente_003,Notebook,Computadores,Norte,8.0,3013.83
153,2025-11-28,Cliente_013,  Monitor ,Computadores,Nordeste,5.0,1033.18
154,2025-07-17,Cliente_022,Monitor,Computadores,Sudeste,7.0,1287.59
155,2025-11-05,Cliente_012,Mouse,Perifericos,Norte,7.0,104.84
156,2025-08-16,Cliente_023,Mouse,Perifericos,Sudeste,7.0,108.0
157,2025-12-14,CLIENTE-011,Notebook,Computadores,Sul,7.0,3356.48
158,2025-10-18,Cliente_003,Headset,Perifericos,Norte,6.0,335.53
159,2025-06-10,Cliente_042,  Smartphone ,Celulares,Norte,9.0,2112.19
160,2025-12-27,Cliente_029,Notebook,Computadores,Sul,5.0,3788.71
161,2025-08-16,Cliente_006,Headset,Perifericos,Norte,2.0,344.96
162,2025-03-22,Cliente_046,Teclado,Perifericos,Sul,5.0,279.35
163,2025-09-10,Cliente_002,Headset,Perifericos,Sudeste,3.0,322.36
164,2025-09-03,Cliente_034,Notebook,Computadores,Sudeste,5.0,3393.07
165,2025-06-26,Cliente_009,Monitor,Computadores,Centro-Oeste,8.0,1264.84
166,2025-09-23,Cliente_010,Teclado,Perifericos,Norte,1.0,274.85
167,2025-11-22,Cliente_036,Tablet,Celulares,Norte,2.0,1665.33
168,2025-11-16,Cliente_047,Teclado,Perifericos,Sudeste,3.0,225.34
169,2025-04-18,Cliente_050,  Notebook ,Computadores,Nordeste,10.0,3252.89
170,2025-12-17,Cliente_026,  Monitor ,Computadores,Sul,4.0,1309.69
171,2025-06-13,Cliente_047,Tablet,Celulares,Sudeste,10.0,1607.58
172,2025-05-17,Cliente_029,Tablet,Celulares,Sul,4.0,1781.9
173,2025-10-23,Cliente_047,Headset,Perifericos,Nordeste,3.0,382.92
174,2025-07-21,Cliente_033,Monitor,Computadores,Norte,1.0,1052.42
175,2025-01-05,Cliente_007,Headset,Perifericos,Centro-Oeste,8.0,327.5
176,2025-07-05,Cliente_036,Notebook,Computadores,Norte,10.0,3564.91
177,2025-02-19,Cliente_026,Mouse,Perifericos,Norte,10.0,106.28
178,2025-01-24,Cliente_003,Teclado,Perifericos,Norte,7.0,250.01
179,2025-06-13,Cliente_011,Smartphone,Celulares,Norte,6.0,2484.7
180,2025-06-03,Cliente_031,Teclado,Perifericos,Sudeste,8.0,265.66
181,2025-12-02,Cliente_050,  Teclado ,Perifericos,Norte,8.0,232.41
182,DATA INVALIDA,Cliente_016,Headset,Perifericos,Sul,,313.02
183,2025-11-10,Cliente_031,Monitor,Computadores,Nordeste,4.0,1167.74
184,2025-06-10,Cliente_012,Mouse,Perifericos,Nordeste,8.0,120.92
185,2025-05-07,Cliente_018,Teclado,Perifericos,Sul,8.0,226.92
186,2025-06-28,Cliente_036,Mouse,Perifericos,Centro-Oeste,8.0,113.41
187,2025-03-16,Cliente_019,Monitor,Computadores,Centro-Oeste,,1363.66
188,2025-05-19,Cliente_036,Smartphone,Celulares,Norte,4.0,2416.45
189,DATA INVALIDA,Cliente_022,Smartphone,Celulares,Sul,4.0,1904.64
190,2025-04-13,Cliente_049!!,Monitor,Computadores,Norte,8.0,1191.88
191,2025-03-31,Cliente_027,Mouse,Perifericos,Centro-Oeste,1.0,134.88
192,2025-01-05,Cliente_020,Smartphone,Celulares,Norte,5.0,2448.65
193,2025-03-10,Cliente_033,Teclado,Perifericos,Nordeste,8.0,279.19
194,2025-06-22,Cliente_019,Mouse,Perifericos,Centro-Oeste,3.0,102.51
195,2025-12-09,Cliente_007,Teclado,Perifericos,Sul,6.0,219.01
196,2025-06-04,CLIENTE-038,Monitor,Computadores,Centro-Oeste,5.0,
197,2025-09-15,Cliente_046,Tablet,Celulares,Sul,3.0,1748.92
198,2025-08-21,Cliente_048,Smartphone,Celulares,Sul,3.0,2185.6
199,2025-11-02,Cliente_006,Headset,Perifericos,Norte,4.0,368.94
200,2025-03-18,Cliente_011,Teclado,Perifericos,Sudeste,4.0,255.45
